,Date,Total
0,01/02/2009,586
1,01/03/2009,166
2,01/04/2009,134
3,01/05/2009,517
4,01/06/2009,401
5,01/07/2009,415
6,01/08/2009,382
7,01/09/2009,363
8,01/10/2009,153
9,01/11/2009,130
10,01/12/2009,490
11,01/13/2009,332
12,01/14/2009,424
13,01/15/2009,323
14,01/16/2009,372
15,01/17/2009,164
16,01/18/2009,132
17,01/19/2009,494
18,01/20/2009,421
19,01/21/2009,325
20,01/22/2009,311
21,01/23/2009,344
22,01/24/2009,146
23,01/25/2009,132
24,01/26/2009,501
25,01/27/2009,395
26,01/28/2009,391
27,01/29/2009,365
28,01/30/2009,403
29,01/31/2009,167
30,02/01/2009,185
31,02/02/2009,468
32,02/03/2009,355
33,02/04/2009,340
34,02/05/2009,391
35,02/06/2009,372
36,02/07/2009,158
37,02/08/2009,147
38,02/09/2009,532
39,02/10/2009,312
40,02/11/2009,373
41,02/12/2009,385
42,02/13/2009,408
43,02/14/2009,149
44,02/15/2009,157
45,02/16/2009,478
46,02/17/2009,316
47,02/18/2009,396
48,02/19/2009,359
49,02/20/2009,386
50,02/21/2009,189
51,02/22/2009,170
52,02/23/2009,435
53,02/24/2009,362
54,02/25/2009,371
55,02/26/2009,387
56,02/27/2009,376
57,02/28/2009,200
58,03/01/2009,159
59,03/02/2009,529
60,03/03/2009,380
61,03/04/2009,370
62,03/05/2009,368
63,03/06/2009,403
64,03/07/2009,168
65,03/08/2009,154
66,03/09/2009,518
67,03/10/2009,399
68,03/11/2009,342
69,03/12/2009,385
70,03/13/2009,424
71,03/14/2009,181
72,03/15/2009,159
73,03/16/2009,442
74,03/17/2009,363
75,03/18/2009,356
76,03/19/2009,314
77,03/20/2009,355
78,03/21/2009,147
79,03/22/2009,154
80,03/23/2009,432
81,03/24/2009,396
82,03/25/2009,380
83,03/26/2009,399
84,03/27/2009,359
85,03/28/2009,200
86,03/29/2009,143
87,03/30/2009,480
88,03/31/2009,325
89,04/01/2009,404
90,04/02/2009,384
91,04/03/2009,390
92,04/04/2009,176
93,04/05/2009,183
94,04/06/2009,445
95,04/07/2009,404
96,04/08/2009,412
97,04/09/2009,365
98,04/10/2009,419
99,04/11/2009,147
100,04/13/2009,590
101,04/14/2009,393
102,04/15/2009,369
103,04/16/2009,342
104,04/17/2009,369
105,04/18/2009,122
106,04/19/2009,123
107,04/20/2009,489
108,04/21/2009,397
109,04/22/2009,332
110,04/23/2009,332
111,04/24/2009,406
112,04/25/2009,154
113,04/26/2009,125
114,04/27/2009,538
115,04/28/2009,391
116,04/29/2009,406
117,04/30/2009,430
118,05/01/2009,397
119,05/02/2009,129
120,05/03/2009,135
121,05/04/2009,491
122,05/05/2009,373
123,05/06/2009,359
124,05/07/2009,394
125,05/08/2009,372
126,05/09/2009,173
127,05/10/2009,143
128,05/11/2009,461
129,05/12/2009,408
130,05/13/2009,372
131,05/14/2009,309
132,05/15/2009,370
133,05/16/2009,148
134,05/17/2009,130
135,05/18/2009,485
136,05/19/2009,412
137,05/20/2009,374
138,05/21/2009,393
139,05/22/2009,404
140,05/23/2009,151
141,05/24/2009,126
142,05/25/2009,151
143,05/26/2009,493
144,05/27/2009,471
145,05/28/2009,420
146,05/29/2009,373
147,05/30/2009,156
148,05/31/2009,155
149,06/01/2009,524
150,06/02/2009,391
151,06/03/2009,356
152,06/04/2009,394
153,06/05/2009,291
154,06/06/2009,147
155,06/07/2009,111
156,06/08/2009,457
157,06/09/2009,394
158,06/10/2009,316
159,06/11/2009,395
160,06/12/2009,395
161,06/13/2009,117
162,06/14/2009,141
163,06/15/2009,438
164,06/16/2009,377
165,06/17/2009,378
166,06/18/2009,335
167,06/19/2009,299
168,06/20/2009,157
169,06/21/2009,123
170,06/22/2009,503
171,06/23/2009,393
172,06/24/2009,343
173,06/25/2009,354
174,06/26/2009,374
175,06/27/2009,162
176,06/28/2009,115
177,06/29/2009,483
178,06/30/2009,424
179,07/01/2009,329
180,07/02/2009,373
181,07/03/2009,317
182,07/04/2009,86
183,07/05/2009,130
184,07/06/2009,508
185,07/07/2009,373
186,07/08/2009,371
187,07/09/2009,312
188,07/10/2009,409
189,07/11/2009,93
190,07/12/2009,120
191,07/13/2009,456
192,07/14/2009,369
193,07/15/2009,335
194,07/16/2009,355
195,07/17/2009,348
196,07/18/2009,137
197,07/19/2009,149
198,07/20/2009,446
199,07/21/2009,332
200,07/22/2009,341
201,07/23/2009,316
202,07/24/2009,360
203,07/25/2009,153
204,07/26/2009,110
205,07/27/2009,518
206,07/28/2009,379
207,07/29/2009,400
208,07/30/2009,353
209,07/31/2009,374
210,08/01/2009,172
211,08/02/2009,125
212,08/03/2009,412
213,08/04/2009,337
214,08/05/2009,352
215,08/06/2009,319
216,08/07/2009,379
217,08/08/2009,135
218,08/09/2009,148
219,08/10/2009,450
220,08/11/2009,374
221,08/12/2009,341
222,08/13/2009,283
223,08/14/2009,346
224,08/15/2009,137
225,08/16/2009,151
226,08/17/2009,471
227,08/18/2009,315
228,08/19/2009,370
229,08/20/2009,293
230,08/21/2009,338
231,08/22/2009,112
232,08/23/2009,129
233,08/24/2009,486
234,08/25/2009,417
235,08/26/2009,335
236,08/27/2009,394
237,08/28/2009,409
238,08/29/2009,188
239,08/30/2009,151
240,08/31/2009,439
241,09/01/2009,357
242,09/02/2009,360
243,09/03/2009,353
244,09/04/2009,423
245,09/05/2009,142
246,09/06/2009,118
247,09/07/2009,138
248,09/08/2009,431
249,09/09/2009,380
250,09/10/2009,382
251,09/11/2009,396
252,09/12/2009,142
253,09/13/2009,145
254,09/14/2009,444
255,09/15/2009,385
256,09/16/2009,369
257,09/17/2009,331
258,09/18/2009,373
259,09/19/2009,115
260,09/20/2009,180
261,09/21/2009,397
262,09/22/2009,353
263,09/23/2009,350
264,09/24/2009,381
265,09/25/2009,369
266,09/26/2009,162
267,09/27/2009,128
268,09/28/2009,490
269,09/29/2009,377
270,09/30/2009,330
271,10/01/2009,327
272,10/02/2009,368
273,10/03/2009,136
274,10/04/2009,143
275,10/05/2009,449
276,10/06/2009,371
277,10/07/2009,310
278,10/08/2009,387
279,10/09/2009,344
280,10/10/2009,148
281,10/11/2009,174
282,10/12/2009,419
283,10/13/2009,342
284,10/14/2009,358
285,10/15/2009,380
286,10/16/2009,359
287,10/17/2009,144
288,10/18/2009,165
289,10/19/2009,458
290,10/20/2009,482
291,10/21/2009,317
292,10/22/2009,359
293,10/23/2009,373
294,10/24/2009,161
295,10/25/2009,174
296,10/26/2009,551
297,10/27/2009,419
298,10/28/2009,336
299,10/29/2009,371
300,10/30/2009,376
301,10/31/2009,178
302,11/01/2009,170
303,11/02/2009,491
304,11/03/2009,360
305,11/04/2009,341
306,11/05/2009,382
307,11/06/2009,355
308,11/07/2009,143
309,11/08/2009,146
310,11/09/2009,404
311,11/10/2009,350
312,11/11/2009,356
313,11/12/2009,405
314,11/13/2009,397
315,11/14/2009,167
316,11/15/2009,157
317,11/16/2009,440
318,11/17/2009,323
319,11/18/2009,365
320,11/19/2009,307
321,11/20/2009,363
322,11/21/2009,139
323,11/22/2009,107
324,11/23/2009,531
325,11/24/2009,402
326,11/25/2009,414
327,11/27/2009,398
328,11/28/2009,199
329,11/29/2009,188
330,11/30/2009,539
331,12/01/2009,364
332,12/02/2009,396
333,12/03/2009,397
334,12/04/2009,369
335,12/05/2009,163
336,12/06/2009,132
337,12/07/2009,458
338,12/08/2009,357
339,12/09/2009,288
340,12/10/2009,339
341,12/11/2009,380
342,12/12/2009,155
343,12/13/2009,179
344,12/14/2009,455
345,12/15/2009,356
346,12/16/2009,379
347,12/17/2009,326
348,12/18/2009,332
349,12/19/2009,141
350,12/20/2009,136
351,12/21/2009,441
352,12/22/2009,482
353,12/23/2009,374
354,12/24/2009,178
355,12/26/2009,223
356,12/27/2009,159
357,12/28/2009,528
358,12/29/2009,431
359,12/30/2009,377
360,12/31/2009,366
361,01/02/2010,289
362,01/03/2010,153
363,01/04/2010,577
364,01/05/2010,394
365,01/06/2010,361
366,01/07/2010,328
367,01/08/2010,367
368,01/09/2010,156
369,01/10/2010,139
370,01/11/2010,423
371,01/12/2010,423
372,01/13/2010,343
373,01/14/2010,353
374,01/15/2010,323
375,01/16/2010,159
376,01/17/2010,121
377,01/18/2010,474
378,01/19/2010,352
379,01/20/2010,372
380,01/21/2010,317
381,01/22/2010,300
382,01/23/2010,146
383,01/24/2010,131
384,01/25/2010,429
385,01/26/2010,353
386,01/27/2010,374
387,01/28/2010,292
388,01/29/2010,365
389,01/30/2010,162
390,01/31/2010,125
391,02/01/2010,469
392,02/02/2010,333
393,02/03/2010,385
394,02/04/2010,389
395,02/05/2010,336
396,02/06/2010,133
397,02/07/2010,186
398,02/08/2010,427
399,02/09/2010,385
400,02/10/2010,334
401,02/11/2010,336
402,02/12/2010,374
403,02/13/2010,181
404,02/14/2010,179
405,02/15/2010,422
406,02/16/2010,369
407,02/17/2010,335
408,02/18/2010,344
409,02/19/2010,400
410,02/20/2010,146
411,02/21/2010,128
412,02/22/2010,496
413,02/23/2010,385
414,02/24/2010,392
415,02/25/2010,333
416,02/26/2010,370
417,02/27/2010,129
418,02/28/2010,202
419,03/01/2010,492
420,03/02/2010,430
421,03/03/2010,380
422,03/04/2010,311
423,03/05/2010,341
424,03/06/2010,163
425,03/07/2010,177
426,03/08/2010,459
427,03/09/2010,359
428,03/10/2010,384
429,03/11/2010,337
430,03/12/2010,356
431,03/13/2010,189
432,03/14/2010,148
433,03/15/2010,417
434,03/16/2010,385
435,03/17/2010,317
436,03/18/2010,333
437,03/19/2010,299
438,03/20/2010,148
439,03/21/2010,161
440,03/22/2010,436
441,03/23/2010,374
442,03/24/2010,327
443,03/25/2010,340
444,03/26/2010,364
445,03/27/2010,165
446,03/28/2010,159
447,03/29/2010,365
448,03/30/2010,415
449,03/31/2010,364
450,04/01/2010,427
451,04/02/2010,311
452,04/03/2010,155
453,04/05/2010,518
454,04/06/2010,355
455,04/07/2010,345
456,04/08/2010,341
457,04/09/2010,358
458,04/10/2010,162
459,04/11/2010,136
460,04/12/2010,438
461,04/13/2010,371
462,04/14/2010,375
463,04/15/2010,382
464,04/16/2010,358
465,04/17/2010,149
466,04/18/2010,141
467,04/19/2010,460
468,04/20/2010,384
469,04/21/2010,328
470,04/22/2010,308
471,04/23/2010,371
472,04/24/2010,134
473,04/25/2010,102
474,04/26/2010,471
475,04/27/2010,388
476,04/28/2010,351
477,04/29/2010,358
478,04/30/2010,390
479,05/01/2010,131
480,05/02/2010,138
481,05/03/2010,474
482,05/04/2010,371
483,05/05/2010,333
484,05/06/2010,348
485,05/07/2010,384
486,05/08/2010,173
487,05/09/2010,157
488,05/10/2010,464
489,05/11/2010,365
490,05/12/2010,311
491,05/13/2010,318
492,05/14/2010,308
493,05/15/2010,138
494,05/16/2010,109
495,05/17/2010,433
496,05/18/2010,395
497,05/19/2010,349
498,05/20/2010,310
499,05/21/2010,367
500,05/22/2010,148
501,05/23/2010,132
502,05/24/2010,479
503,05/25/2010,319
504,05/26/2010,411
505,05/27/2010,342
506,05/28/2010,347
507,05/29/2010,138
508,05/30/2010,150
509,05/31/2010,128
510,06/01/2010,486
511,06/02/2010,406
512,06/03/2010,425
513,06/04/2010,371
514,06/05/2010,161
515,06/06/2010,130
516,06/07/2010,451
517,06/08/2010,328
518,06/09/2010,324
519,06/10/2010,335
520,06/11/2010,300
521,06/12/2010,134
522,06/13/2010,107
523,06/14/2010,409
524,06/15/2010,364
525,06/16/2010,290
526,06/17/2010,310
527,06/18/2010,342
528,06/19/2010,114
529,06/20/2010,130
530,06/21/2010,430
531,06/22/2010,358
532,06/23/2010,326
533,06/24/2010,312
534,06/25/2010,339
535,06/26/2010,138
536,06/27/2010,132
537,06/28/2010,526
538,06/29/2010,360
539,06/30/2010,433
540,07/01/2010,373
541,07/02/2010,383
542,07/03/2010,154
543,07/04/2010,77
544,07/05/2010,322
545,07/06/2010,326
546,07/07/2010,345
547,07/08/2010,337
548,07/09/2010,369
549,07/10/2010,136
550,07/11/2010,131
551,07/12/2010,446
552,07/13/2010,352
553,07/14/2010,340
554,07/15/2010,306
555,07/16/2010,298
556,07/17/2010,112
557,07/18/2010,123
558,07/19/2010,423
559,07/20/2010,341
560,07/21/2010,372
561,07/22/2010,310
562,07/23/2010,283
563,07/24/2010,132
564,07/25/2010,148
565,07/26/2010,439
566,07/27/2010,388
567,07/28/2010,325
568,07/29/2010,365
569,07/30/2010,402
570,07/31/2010,140
571,08/01/2010,130
572,08/02/2010,424
573,08/03/2010,365
574,08/04/2010,313
575,08/05/2010,340
576,08/06/2010,315
577,08/07/2010,102
578,08/08/2010,121
579,08/09/2010,439
580,08/10/2010,334
581,08/11/2010,317
582,08/12/2010,369
583,08/13/2010,337
584,08/14/2010,136
585,08/15/2010,146
586,08/16/2010,459
587,08/17/2010,358
588,08/18/2010,340
589,08/19/2010,331
590,08/20/2010,342
591,08/21/2010,130
592,08/22/2010,133
593,08/23/2010,456
594,08/24/2010,347
595,08/25/2010,373
596,08/26/2010,390
597,08/27/2010,384
598,08/28/2010,168
599,08/29/2010,149
600,08/30/2010,432
601,08/31/2010,382
602,09/01/2010,294
603,09/02/2010,355
604,09/03/2010,359
605,09/04/2010,129
606,09/05/2010,95
607,09/06/2010,119
608,09/07/2010,433
609,09/08/2010,362
610,09/09/2010,344
611,09/10/2010,342
612,09/11/2010,149
613,09/12/2010,139
614,09/13/2010,442
615,09/14/2010,328
616,09/15/2010,320
617,09/16/2010,285
618,09/17/2010,335
619,09/18/2010,128
620,09/19/2010,141
621,09/20/2010,369
622,09/21/2010,331
623,09/22/2010,381
624,09/23/2010,368
625,09/24/2010,374
626,09/25/2010,162
627,09/26/2010,136
628,09/27/2010,410
629,09/28/2010,415
630,09/29/2010,368
631,09/30/2010,370
632,10/01/2010,389
633,10/02/2010,148
634,10/03/2010,118
635,10/04/2010,442
636,10/05/2010,357
637,10/06/2010,385
638,10/07/2010,335
639,10/08/2010,333
640,10/09/2010,133
641,10/10/2010,151
642,10/11/2010,419
643,10/12/2010,324
644,10/13/2010,371
645,10/14/2010,369
646,10/15/2010,279
647,10/16/2010,135
648,10/17/2010,154
649,10/18/2010,429
650,10/19/2010,362
651,10/20/2010,389
652,10/21/2010,320
653,10/22/2010,325
654,10/23/2010,126
655,10/24/2010,136
656,10/25/2010,447
657,10/26/2010,373
658,10/27/2010,407
659,10/28/2010,341
660,10/29/2010,343
661,10/30/2010,162
662,10/31/2010,110
663,11/01/2010,455
664,11/02/2010,385
665,11/03/2010,333
666,11/04/2010,377
667,11/05/2010,377
668,11/06/2010,165
669,11/07/2010,124
670,11/08/2010,476
671,11/09/2010,320
672,11/10/2010,363
673,11/11/2010,333
674,11/12/2010,302
675,11/13/2010,153
676,11/14/2010,140
677,11/15/2010,461
678,11/16/2010,353
679,11/17/2010,393
680,11/18/2010,355
681,11/19/2010,330
682,11/20/2010,147
683,11/21/2010,136
684,11/22/2010,464
685,11/23/2010,371
686,11/24/2010,321
687,11/26/2010,369
688,11/27/2010,170
689,11/28/2010,219
690,11/29/2010,548
691,11/30/2010,451
692,12/01/2010,433
693,12/02/2010,344
694,12/03/2010,381
695,12/04/2010,131
696,12/05/2010,128
697,12/06/2010,458
698,12/07/2010,352
699,12/08/2010,342
700,12/09/2010,310
701,12/10/2010,360
702,12/11/2010,63
703,12/12/2010,119
704,12/13/2010,442
705,12/14/2010,339
706,12/15/2010,370
707,12/16/2010,377
708,12/17/2010,368
709,12/18/2010,148
710,12/19/2010,145
711,12/20/2010,431
712,12/21/2010,417
713,12/22/2010,354
714,12/23/2010,380
715,12/24/2010,190
716,12/26/2010,190
717,12/27/2010,527
718,12/28/2010,385
719,12/29/2010,437
720,12/30/2010,460
721,12/31/2010,311
722,01/02/2011,203
723,01/03/2011,537
724,01/04/2011,354
725,01/05/2011,324
726,01/06/2011,357
727,01/07/2011,350
728,01/08/2011,136
729,01/09/2011,139
730,01/10/2011,399
731,01/11/2011,290
732,01/12/2011,305
733,01/13/2011,370
734,01/14/2011,355
735,01/15/2011,161
736,01/16/2011,133
737,01/17/2011,365
738,01/18/2011,325
739,01/19/2011,354
740,01/20/2011,335
741,01/21/2011,302
742,01/22/2011,141
743,01/23/2011,110
744,01/24/2011,402
745,01/25/2011,386
746,01/26/2011,380
747,01/27/2011,338
748,01/28/2011,315
749,01/29/2011,157
750,01/30/2011,145
751,01/31/2011,479
752,02/01/2011,365
753,02/02/2011,380
754,02/03/2011,343
755,02/04/2011,290
756,02/05/2011,167
757,02/06/2011,107
758,02/07/2011,407
759,02/08/2011,351
760,02/09/2011,292
761,02/10/2011,318
762,02/11/2011,380
763,02/12/2011,123
764,02/13/2011,155
765,02/14/2011,402
766,02/15/2011,382
767,02/16/2011,371
768,02/17/2011,337
769,02/18/2011,367
770,02/19/2011,167
771,02/20/2011,137
772,02/21/2011,304
773,02/22/2011,348
774,02/23/2011,384
775,02/24/2011,378
776,02/25/2011,338
777,02/26/2011,180
778,02/27/2011,179
779,02/28/2011,445
780,03/01/2011,475
781,03/02/2011,364
782,03/03/2011,381
783,03/04/2011,403
784,03/05/2011,200
785,03/06/2011,162
786,03/07/2011,435
787,03/08/2011,357
788,03/09/2011,317
789,03/10/2011,298
790,03/11/2011,376
791,03/12/2011,150
792,03/13/2011,139
793,03/14/2011,457
794,03/15/2011,392
795,03/16/2011,321
796,03/17/2011,349
797,03/18/2011,309
798,03/19/2011,134
799,03/20/2011,176
800,03/21/2011,402
801,03/22/2011,281
802,03/23/2011,278
803,03/24/2011,307
804,03/25/2011,347
805,03/26/2011,178
806,03/27/2011,125
807,03/28/2011,468
808,03/29/2011,367
809,03/30/2011,345
810,03/31/2011,362
811,04/01/2011,390
812,04/02/2011,134
813,04/03/2011,156
814,04/04/2011,505
815,04/05/2011,383
816,04/06/2011,401
817,04/07/2011,334
818,04/08/2011,289
819,04/09/2011,140
820,04/10/2011,157
821,04/11/2011,413
822,04/12/2011,316
823,04/13/2011,387
824,04/14/2011,358
825,04/15/2011,318
826,04/16/2011,139
827,04/17/2011,129
828,04/18/2011,470
829,04/19/2011,294
830,04/20/2011,349
831,04/21/2011,331
832,04/22/2011,314
833,04/23/2011,163
834,04/25/2011,484
835,04/26/2011,368
836,04/27/2011,370
837,04/28/2011,345
838,04/29/2011,327
839,04/30/2011,155
840,05/01/2011,145
841,05/02/2011,490
842,05/03/2011,430
843,05/04/2011,350
844,05/05/2011,359
845,05/06/2011,319
846,05/07/2011,142
847,05/08/2011,147
848,05/09/2011,415
849,05/10/2011,372
850,05/11/2011,273
851,05/12/2011,354
852,05/13/2011,345
853,05/14/2011,138
854,05/15/2011,119
855,05/16/2011,418
856,05/17/2011,376
857,05/18/2011,335
858,05/19/2011,312
859,05/20/2011,288
860,05/21/2011,129
861,05/22/2011,140
862,05/23/2011,412
863,05/24/2011,383
864,05/25/2011,334
865,05/26/2011,312
866,05/27/2011,404
867,05/28/2011,135
868,05/29/2011,100
869,05/30/2011,95
870,05/31/2011,519
871,06/01/2011,434
872,06/02/2011,326
873,06/03/2011,389
874,06/04/2011,178
875,06/05/2011,162
876,06/06/2011,362
877,06/07/2011,335
878,06/08/2011,384
879,06/09/2011,294
880,06/10/2011,312
881,06/11/2011,117
882,06/12/2011,87
883,06/13/2011,412
884,06/14/2011,324
885,06/15/2011,355
886,06/16/2011,312
887,06/17/2011,367
888,06/18/2011,122
889,06/19/2011,120
890,06/20/2011,445
891,06/21/2011,336
892,06/22/2011,329
893,06/23/2011,311
894,06/24/2011,295
895,06/25/2011,125
896,06/26/2011,115
897,06/27/2011,462
898,06/28/2011,348
899,06/29/2011,359
900,06/30/2011,352
901,07/01/2011,418
902,07/02/2011,157
903,07/03/2011,108
904,07/04/2011,100
905,07/05/2011,401
906,07/06/2011,384
907,07/07/2011,313
908,07/08/2011,326
909,07/09/2011,164
910,07/10/2011,155
911,07/11/2011,394
912,07/12/2011,304
913,07/13/2011,367
914,07/14/2011,337
915,07/15/2011,334
916,07/16/2011,128
917,07/17/2011,132
918,07/18/2011,425
919,07/19/2011,299
920,07/20/2011,312
921,07/21/2011,296
922,07/22/2011,354
923,07/23/2011,107
924,07/24/2011,133
925,07/25/2011,448
926,07/26/2011,361
927,07/27/2011,327
928,07/28/2011,301
929,07/29/2011,336
930,07/30/2011,136
931,07/31/2011,162
932,08/01/2011,448
933,08/02/2011,331
934,08/03/2011,343
935,08/04/2011,342
936,08/05/2011,302
937,08/06/2011,158
938,08/07/2011,138
939,08/08/2011,348
940,08/09/2011,312
941,08/10/2011,314
942,08/11/2011,302
943,08/12/2011,329
944,08/13/2011,123
945,08/14/2011,149
946,08/15/2011,388
947,08/16/2011,346
948,08/17/2011,354
949,08/18/2011,310
950,08/19/2011,291
951,08/20/2011,111
952,08/21/2011,121
953,08/22/2011,413
954,08/23/2011,331
955,08/24/2011,359
956,08/25/2011,322
957,08/26/2011,331
958,08/27/2011,141
959,08/28/2011,103
960,08/29/2011,401
961,08/30/2011,364
962,08/31/2011,374
963,09/01/2011,393
964,09/02/2011,371
965,09/03/2011,145
966,09/04/2011,146
967,09/05/2011,112
968,09/06/2011,491
969,09/07/2011,351
970,09/08/2011,368
971,09/09/2011,313
972,09/10/2011,126
973,09/11/2011,109
974,09/12/2011,392
975,09/13/2011,333
976,09/14/2011,327
977,09/15/2011,340
978,09/16/2011,330
979,09/17/2011,92
980,09/18/2011,109
981,09/19/2011,396
982,09/20/2011,313
983,09/21/2011,371
984,09/22/2011,316
985,09/23/2011,347
986,09/24/2011,145
987,09/25/2011,178
988,09/26/2011,424
989,09/27/2011,359
990,09/28/2011,343
991,09/29/2011,351
992,09/30/2011,341
993,10/01/2011,193
994,10/02/2011,152
995,10/03/2011,509
996,10/04/2011,428
997,10/05/2011,272
998,10/06/2011,299
999,10/07/2011,315
1000,10/08/2011,184
1001,10/09/2011,118
1002,10/10/2011,450
1003,10/11/2011,371
1004,10/12/2011,295
1005,10/13/2011,335
1006,10/14/2011,328
1007,10/15/2011,123
1008,10/16/2011,119
1009,10/17/2011,472
1010,10/18/2011,298
1011,10/19/2011,345
1012,10/20/2011,309
1013,10/21/2011,318
1014,10/22/2011,130
1015,10/23/2011,121
1016,10/24/2011,462
1017,10/25/2011,332
1018,10/26/2011,317
1019,10/27/2011,314
1020,10/28/2011,364
1021,10/29/2011,160
1022,10/30/2011,141
1023,10/31/2011,428
1024,11/01/2011,353
1025,11/02/2011,404
1026,11/03/2011,371
1027,11/04/2011,396
1028,11/05/2011,166
1029,11/06/2011,136
1030,11/07/2011,396
1031,11/08/2011,354
1032,11/09/2011,269
1033,11/10/2011,330
1034,11/11/2011,324
1035,11/12/2011,168
1036,11/13/2011,142
1037,11/14/2011,407
1038,11/15/2011,326
1039,11/16/2011,422
1040,11/17/2011,342
1041,11/18/2011,363
1042,11/19/2011,146
1043,11/20/2011,119
1044,11/21/2011,480
1045,11/22/2011,403
1046,11/23/2011,361
1047,11/25/2011,379
1048,11/26/2011,185
1049,11/27/2011,158
1050,11/28/2011,510
1051,11/29/2011,436
1052,11/30/2011,338
1053,12/01/2011,411
1054,12/02/2011,392
1055,12/03/2011,177
1056,12/04/2011,131
1057,12/05/2011,402
1058,12/06/2011,322
1059,12/07/2011,351
1060,12/08/2011,355
1061,12/09/2011,312
1062,12/10/2011,111
1063,12/11/2011,156
1064,12/12/2011,484
1065,12/13/2011,362
1066,12/14/2011,351
1067,12/15/2011,310
1068,12/16/2011,395
1069,12/17/2011,162
1070,12/18/2011,155
1071,12/19/2011,522
1072,12/20/2011,390
1073,12/21/2011,360
1074,12/22/2011,358
1075,12/23/2011,351
1076,12/24/2011,84
1077,12/26/2011,385
1078,12/27/2011,418
1079,12/28/2011,404
1080,12/29/2011,405
1081,12/30/2011,388
1082,12/31/2011,157
1083,01/02/2012,504
1084,01/03/2012,443
1085,01/04/2012,394
1086,01/05/2012,334
1087,01/06/2012,358
1088,01/07/2012,139
1089,01/08/2012,178
1090,01/09/2012,472
1091,01/10/2012,375
1092,01/11/2012,332
1093,01/12/2012,313
1094,01/13/2012,358
1095,01/14/2012,178
1096,01/15/2012,130
1097,01/16/2012,501
1098,01/17/2012,405
1099,01/18/2012,412
1100,01/19/2012,372
1101,01/20/2012,392
1102,01/21/2012,175
1103,01/22/2012,115
1104,01/23/2012,481
1105,01/24/2012,413
1106,01/25/2012,430
1107,01/26/2012,371
1108,01/27/2012,397
1109,01/28/2012,170
1110,01/29/2012,142
1111,01/30/2012,491
1112,01/31/2012,362
1113,02/01/2012,436
1114,02/02/2012,410
1115,02/03/2012,358
1116,02/04/2012,165
1117,02/05/2012,142
1118,02/06/2012,462
1119,02/07/2012,363
1120,02/08/2012,339
1121,02/09/2012,345
1122,02/10/2012,386
1123,02/11/2012,187
1124,02/12/2012,171
1125,02/13/2012,461
1126,02/14/2012,430
1127,02/15/2012,395
1128,02/16/2012,385
1129,02/17/2012,397
1130,02/18/2012,155
1131,02/19/2012,170
1132,02/20/2012,452
1133,02/21/2012,455
1134,02/22/2012,391
1135,02/23/2012,357
1136,02/24/2012,418
1137,02/25/2012,173
1138,02/26/2012,185
1139,02/27/2012,498
1140,02/28/2012,310
1141,02/29/2012,345
1142,03/01/2012,488
1143,03/02/2012,381
1144,03/03/2012,143
1145,03/04/2012,151
1146,03/05/2012,602
1147,03/06/2012,346
1148,03/07/2012,353
1149,03/08/2012,334
1150,03/09/2012,422
1151,03/10/2012,197
1152,03/11/2012,184
1153,03/12/2012,486
1154,03/13/2012,362
1155,03/14/2012,408
1156,03/15/2012,337
1157,03/16/2012,361
1158,03/17/2012,179
1159,03/18/2012,145
1160,03/19/2012,429
1161,03/20/2012,373
1162,03/21/2012,379
1163,03/22/2012,342
1164,03/23/2012,372
1165,03/24/2012,175
1166,03/25/2012,131
1167,03/26/2012,467
1168,03/27/2012,390
1169,03/28/2012,365
1170,03/29/2012,381
1171,03/30/2012,414
1172,03/31/2012,186
1173,04/01/2012,151
1174,04/02/2012,520
1175,04/03/2012,368
1176,04/04/2012,368
1177,04/05/2012,359
1178,04/06/2012,382
1179,04/07/2012,180
1180,04/09/2012,537
1181,04/10/2012,389
1182,04/11/2012,385
1183,04/12/2012,421
1184,04/13/2012,374
1185,04/14/2012,151
1186,04/15/2012,132
1187,04/16/2012,589
1188,04/17/2012,380
1189,04/18/2012,371
1190,04/19/2012,384
1191,04/20/2012,412
1192,04/21/2012,173
1193,04/22/2012,152
1194,04/23/2012,514
1195,04/24/2012,395
1196,04/25/2012,373
1197,04/26/2012,373
1198,04/27/2012,357
1199,04/28/2012,205
1200,04/29/2012,129
1201,04/30/2012,483
1202,05/01/2012,452
1203,05/02/2012,435
1204,05/03/2012,401
1205,05/04/2012,392
1206,05/05/2012,155
1207,05/06/2012,152
1208,05/07/2012,488
1209,05/08/2012,368
1210,05/09/2012,368
1211,05/10/2012,359
1212,05/11/2012,338
1213,05/12/2012,142
1214,05/13/2012,109
1215,05/14/2012,534
1216,05/15/2012,356
1217,05/16/2012,365
1218,05/17/2012,339
1219,05/18/2012,396
1220,05/19/2012,143
1221,05/20/2012,145
1222,05/21/2012,483
1223,05/22/2012,368
1224,05/23/2012,362
1225,05/24/2012,367
1226,05/25/2012,391
1227,05/26/2012,178
1228,05/27/2012,144
1229,05/28/2012,92
1230,05/29/2012,537
1231,05/30/2012,444
1232,05/31/2012,372
1233,06/01/2012,352
1234,06/02/2012,156
1235,06/03/2012,181
1236,06/04/2012,474
1237,06/05/2012,346
1238,06/06/2012,331
1239,06/07/2012,375
1240,06/08/2012,387
1241,06/09/2012,138
1242,06/10/2012,112
1243,06/11/2012,501
1244,06/12/2012,372
1245,06/13/2012,372
1246,06/14/2012,371
1247,06/15/2012,331
1248,06/16/2012,135
1249,06/17/2012,147
1250,06/18/2012,466
1251,06/19/2012,359
1252,06/20/2012,351
1253,06/21/2012,327
1254,06/22/2012,333
1255,06/23/2012,146
1256,06/24/2012,119
1257,06/25/2012,507
1258,06/26/2012,430
1259,06/27/2012,401
1260,06/28/2012,341
1261,06/29/2012,378
1262,06/30/2012,186
1263,07/01/2012,139
1264,07/02/2012,501
1265,07/03/2012,360
1266,07/04/2012,93
1267,07/05/2012,445
1268,07/06/2012,370
1269,07/07/2012,160
1270,07/08/2012,125
1271,07/09/2012,430
1272,07/10/2012,332
1273,07/11/2012,369
1274,07/12/2012,409
1275,07/13/2012,355
1276,07/14/2012,142
1277,07/15/2012,165
1278,07/16/2012,461
1279,07/17/2012,365
1280,07/18/2012,319
1281,07/19/2012,327
1282,07/20/2012,331
1283,07/21/2012,173
1284,07/22/2012,118
1285,07/23/2012,525
1286,07/24/2012,361
1287,07/25/2012,396
1288,07/26/2012,363
1289,07/27/2012,344
1290,07/28/2012,120
1291,07/29/2012,137
1292,07/30/2012,448
1293,07/31/2012,385
1294,08/01/2012,400
1295,08/02/2012,358
1296,08/03/2012,334
1297,08/04/2012,119
1298,08/05/2012,102
1299,08/06/2012,451
1300,08/07/2012,354
1301,08/08/2012,350
1302,08/09/2012,267
1303,08/10/2012,349
1304,08/11/2012,184
1305,08/12/2012,152
1306,08/13/2012,458
1307,08/14/2012,358
1308,08/15/2012,389
1309,08/16/2012,349
1310,08/17/2012,328
1311,08/18/2012,103
1312,08/19/2012,184
1313,08/20/2012,413
1314,08/21/2012,364
1315,08/22/2012,397
1316,08/23/2012,422
1317,08/24/2012,339
1318,08/25/2012,171
1319,08/26/2012,147
1320,08/27/2012,494
1321,08/28/2012,381
1322,08/29/2012,378
1323,08/30/2012,382
1324,08/31/2012,394
1325,09/01/2012,175
1326,09/02/2012,112
1327,09/03/2012,141
1328,09/04/2012,503
1329,09/05/2012,386
1330,09/06/2012,409
1331,09/07/2012,384
1332,09/08/2012,183
1333,09/09/2012,114
1334,09/10/2012,410
1335,09/11/2012,354
1336,09/12/2012,318
1337,09/13/2012,388
1338,09/14/2012,350
1339,09/15/2012,138
1340,09/16/2012,153
1341,09/17/2012,399
1342,09/18/2012,338
1343,09/19/2012,384
1344,09/20/2012,371
1345,09/21/2012,356
1346,09/22/2012,151
1347,09/23/2012,171
1348,09/24/2012,467
1349,09/25/2012,396
1350,09/26/2012,409
1351,09/27/2012,397
1352,09/28/2012,384
1353,09/29/2012,169
1354,09/30/2012,151
1355,10/01/2012,517
1356,10/02/2012,414
1357,10/03/2012,352
1358,10/04/2012,340
1359,10/05/2012,346
1360,10/06/2012,111
1361,10/07/2012,131
1362,10/08/2012,429
1363,10/09/2012,348
1364,10/10/2012,403
1365,10/11/2012,319
1366,10/12/2012,359
1367,10/13/2012,182
1368,10/14/2012,133
1369,10/15/2012,440
1370,10/16/2012,365
1371,10/17/2012,420
1372,10/18/2012,349
1373,10/19/2012,315
1374,10/20/2012,161
1375,10/21/2012,111
1376,10/22/2012,482
1377,10/23/2012,404
1378,10/24/2012,335
1379,10/25/2012,329
1380,10/26/2012,322
1381,10/27/2012,166
1382,10/28/2012,154
1383,10/29/2012,492
1384,10/30/2012,347
1385,10/31/2012,384
1386,11/01/2012,353
1387,11/02/2012,410
1388,11/03/2012,210
1389,11/04/2012,145
1390,11/05/2012,449
1391,11/06/2012,303
1392,11/07/2012,377
1393,11/08/2012,348
1394,11/09/2012,350
1395,11/10/2012,198
1396,11/11/2012,137
1397,11/12/2012,434
1398,11/13/2012,382
1399,11/14/2012,416
1400,11/15/2012,334
1401,11/16/2012,316
1402,11/17/2012,154
1403,11/18/2012,122
1404,11/19/2012,454
1405,11/20/2012,418
1406,11/21/2012,358
1407,11/23/2012,371
1408,11/24/2012,166
1409,11/25/2012,205
1410,11/26/2012,523
1411,11/27/2012,372
1412,11/28/2012,434
1413,11/29/2012,445
1414,11/30/2012,393
1415,12/01/2012,171
1416,12/02/2012,151
1417,12/03/2012,559
1418,12/04/2012,390
1419,12/05/2012,315
1420,12/06/2012,357
1421,12/07/2012,403
1422,12/08/2012,146
1423,12/09/2012,90
1424,12/10/2012,447
1425,12/11/2012,408
1426,12/12/2012,412
1427,12/13/2012,385
1428,12/14/2012,317
1429,12/15/2012,138
1430,12/16/2012,138
1431,12/17/2012,479
1432,12/18/2012,450
1433,12/19/2012,429
1434,12/20/2012,335
1435,12/21/2012,411
1436,12/22/2012,155
1437,12/23/2012,136
1438,12/24/2012,201
1439,12/26/2012,552
1440,12/27/2012,476
1441,12/28/2012,450
1442,12/29/2012,241
1443,12/30/2012,213
1444,12/31/2012,413
1445,01/02/2013,588
1446,01/03/2013,387
1447,01/04/2013,456
1448,01/05/2013,168
1449,01/06/2013,151
1450,01/07/2013,492
1451,01/08/2013,435
1452,01/09/2013,391
1453,01/10/2013,341
1454,01/11/2013,328
1455,01/12/2013,206
1456,01/13/2013,191
1457,01/14/2013,414
1458,01/15/2013,317
1459,01/16/2013,403
1460,01/17/2013,345
1461,01/18/2013,347
1462,01/19/2013,156
1463,01/20/2013,141
1464,01/21/2013,409
1465,01/22/2013,384
1466,01/23/2013,322
1467,01/24/2013,353
1468,01/25/2013,351
1469,01/26/2013,165
1470,01/27/2013,140
1471,01/28/2013,510
1472,01/29/2013,354
1473,01/30/2013,308
1474,01/31/2013,348
1475,02/01/2013,393
1476,02/02/2013,174
1477,02/03/2013,139
1478,02/04/2013,516
1479,02/05/2013,359
1480,02/06/2013,354
1481,02/07/2013,355
1482,02/08/2013,338
1483,02/09/2013,182
1484,02/10/2013,139
1485,02/11/2013,450
1486,02/12/2013,365
1487,02/13/2013,364
1488,02/14/2013,310
1489,02/15/2013,350
1490,02/16/2013,149
1491,02/17/2013,146
1492,02/18/2013,473
1493,02/19/2013,339
1494,02/20/2013,387
1495,02/21/2013,334
1496,02/22/2013,285
1497,02/23/2013,140
1498,02/24/2013,135
1499,02/25/2013,528
1500,02/26/2013,403
1501,02/27/2013,413
1502,02/28/2013,345
1503,03/01/2013,321
1504,03/02/2013,197
1505,03/03/2013,184
1506,03/04/2013,466
1507,03/05/2013,290
1508,03/06/2013,415
1509,03/07/2013,367
1510,03/08/2013,324
1511,03/09/2013,184
1512,03/10/2013,154
1513,03/11/2013,388
1514,03/12/2013,439
1515,03/13/2013,429
1516,03/14/2013,347
1517,03/15/2013,360
1518,03/16/2013,149
1519,03/17/2013,114
1520,03/18/2013,467
1521,03/19/2013,373
1522,03/20/2013,338
1523,03/21/2013,351
1524,03/22/2013,336
1525,03/23/2013,174
1526,03/24/2013,184
1527,03/25/2013,417
1528,03/26/2013,350
1529,03/27/2013,337
1530,03/28/2013,319
1531,03/29/2013,371
1532,03/30/2013,159
1533,04/01/2013,501
1534,04/02/2013,358
1535,04/03/2013,361
1536,04/04/2013,358
1537,04/05/2013,416
1538,04/06/2013,190
1539,04/07/2013,136
1540,04/08/2013,413
1541,04/09/2013,318
1542,04/10/2013,332
1543,04/11/2013,364
1544,04/12/2013,371
1545,04/13/2013,173
1546,04/14/2013,126
1547,04/15/2013,518
1548,04/16/2013,358
1549,04/17/2013,328
1550,04/18/2013,340
1551,04/19/2013,362
1552,04/20/2013,178
1553,04/21/2013,172
1554,04/22/2013,465
1555,04/23/2013,380
1556,04/24/2013,307
1557,04/25/2013,330
1558,04/26/2013,334
1559,04/27/2013,144
1560,04/28/2013,120
1561,04/29/2013,472
1562,04/30/2013,373
1563,05/01/2013,365
1564,05/02/2013,298
1565,05/03/2013,400
1566,05/04/2013,213
1567,05/05/2013,177
1568,05/06/2013,526
1569,05/07/2013,315
1570,05/08/2013,260
1571,05/09/2013,362
1572,05/10/2013,329
1573,05/11/2013,128
1574,05/12/2013,132
1575,05/13/2013,474
1576,05/14/2013,336
1577,05/15/2013,400
1578,05/16/2013,314
1579,05/17/2013,309
1580,05/18/2013,164
1581,05/19/2013,130
1582,05/20/2013,459
1583,05/21/2013,395
1584,05/22/2013,386
1585,05/23/2013,358
1586,05/24/2013,311
1587,05/25/2013,153
1588,05/26/2013,131
1589,05/27/2013,116
1590,05/28/2013,472
1591,05/29/2013,439
1592,05/30/2013,342
1593,05/31/2013,359
1594,06/01/2013,207
1595,06/02/2013,110
1596,06/03/2013,521
1597,06/04/2013,439
1598,06/05/2013,330
1599,06/06/2013,417
1600,06/07/2013,321
1601,06/08/2013,159
1602,06/09/2013,146
1603,06/10/2013,435
1604,06/11/2013,365
1605,06/12/2013,380
1606,06/13/2013,300
1607,06/14/2013,333
1608,06/15/2013,142
1609,06/16/2013,156
1610,06/17/2013,471
1611,06/18/2013,347
1612,06/19/2013,340
1613,06/20/2013,330
1614,06/21/2013,344
1615,06/22/2013,172
1616,06/23/2013,138
1617,06/24/2013,436
1618,06/25/2013,341
1619,06/26/2013,365
1620,06/27/2013,407
1621,06/28/2013,370
1622,06/29/2013,204
1623,06/30/2013,171
1624,07/01/2013,498
1625,07/02/2013,327
1626,07/03/2013,351
1627,07/04/2013,72
1628,07/05/2013,366
1629,07/06/2013,181
1630,07/07/2013,116
1631,07/08/2013,467
1632,07/09/2013,366
1633,07/10/2013,346
1634,07/11/2013,349
1635,07/12/2013,290
1636,07/13/2013,189
1637,07/14/2013,140
1638,07/15/2013,450
1639,07/16/2013,350
1640,07/17/2013,330
1641,07/18/2013,342
1642,07/19/2013,333
1643,07/20/2013,132
1644,07/21/2013,149
1645,07/22/2013,480
1646,07/23/2013,384
1647,07/24/2013,364
1648,07/25/2013,344
1649,07/26/2013,338
1650,07/27/2013,99
1651,07/28/2013,141
1652,07/29/2013,425
1653,07/30/2013,373
1654,07/31/2013,318
1655,08/01/2013,360
1656,08/02/2013,305
1657,08/03/2013,156
1658,08/04/2013,114
1659,08/05/2013,484
1660,08/06/2013,366
1661,08/07/2013,347
1662,08/08/2013,335
1663,08/09/2013,333
1664,08/10/2013,140
1665,08/11/2013,148
1666,08/12/2013,436
1667,08/13/2013,337
1668,08/14/2013,341
1669,08/15/2013,348
1670,08/16/2013,338
1671,08/17/2013,144
1672,08/18/2013,146
1673,08/19/2013,399
1674,08/20/2013,373
1675,08/21/2013,330
1676,08/22/2013,301
1677,08/23/2013,324
1678,08/24/2013,145
1679,08/25/2013,121
1680,08/26/2013,471
1681,08/27/2013,362
1682,08/28/2013,373
1683,08/29/2013,352
1684,08/30/2013,319
1685,08/31/2013,158
1686,09/01/2013,161
1687,09/02/2013,159
1688,09/03/2013,484
1689,09/04/2013,389
1690,09/05/2013,352
1691,09/06/2013,371
1692,09/07/2013,118
1693,09/08/2013,114
1694,09/09/2013,502
1695,09/10/2013,340
1696,09/11/2013,284
1697,09/12/2013,275
1698,09/13/2013,382
1699,09/14/2013,160
1700,09/15/2013,149
1701,09/16/2013,457
1702,09/17/2013,372
1703,09/18/2013,301
1704,09/19/2013,342
1705,09/20/2013,309
1706,09/21/2013,174
1707,09/22/2013,130
1708,09/23/2013,445
1709,09/24/2013,333
1710,09/25/2013,335
1711,09/26/2013,338
1712,09/27/2013,304
1713,09/28/2013,148
1714,09/29/2013,142
1715,09/30/2013,522
1716,10/01/2013,350
1717,10/02/2013,304
1718,10/03/2013,345
1719,10/04/2013,362
1720,10/05/2013,174
1721,10/06/2013,127
1722,10/07/2013,443
1723,10/08/2013,364
1724,10/09/2013,363
1725,10/10/2013,344
1726,10/11/2013,386
1727,10/12/2013,162
1728,10/13/2013,136
1729,10/14/2013,453
1730,10/15/2013,329
1731,10/16/2013,328
1732,10/17/2013,356
1733,10/18/2013,355
1734,10/19/2013,184
1735,10/20/2013,150
1736,10/21/2013,513
1737,10/22/2013,351
1738,10/23/2013,311
1739,10/24/2013,306
1740,10/25/2013,359
1741,10/26/2013,138
1742,10/27/2013,114
1743,10/28/2013,447
1744,10/29/2013,365
1745,10/30/2013,302
1746,10/31/2013,321
1747,11/01/2013,395
1748,11/02/2013,166
1749,11/03/2013,140
1750,11/04/2013,493
1751,11/05/2013,362
1752,11/06/2013,342
1753,11/07/2013,313
1754,11/08/2013,375
1755,11/09/2013,186
1756,11/10/2013,123
1757,11/11/2013,421
1758,11/12/2013,374
1759,11/13/2013,334
1760,11/14/2013,332
1761,11/15/2013,342
1762,11/16/2013,135
1763,11/17/2013,156
1764,11/18/2013,468
1765,11/19/2013,403
1766,11/20/2013,326
1767,11/21/2013,394
1768,11/22/2013,346
1769,11/23/2013,153
1770,11/24/2013,129
1771,11/25/2013,458
1772,11/26/2013,447
1773,11/27/2013,353
1774,11/29/2013,354
1775,11/30/2013,169
1776,12/01/2013,137
1777,12/02/2013,500
1778,12/03/2013,379
1779,12/04/2013,341
1780,12/05/2013,377
1781,12/06/2013,328
1782,12/07/2013,161
1783,12/08/2013,113
1784,12/09/2013,473
1785,12/10/2013,336
1786,12/11/2013,379
1787,12/12/2013,340
1788,12/13/2013,407
1789,12/14/2013,151
1790,12/15/2013,143
1791,12/16/2013,422
1792,12/17/2013,349
1793,12/18/2013,324
1794,12/19/2013,343
1795,12/20/2013,417
1796,12/21/2013,177
1797,12/22/2013,184
1798,12/23/2013,440
1799,12/24/2013,158
1800,12/26/2013,443
1801,12/27/2013,386
1802,12/28/2013,166
1803,12/29/2013,186
1804,12/30/2013,520
1805,12/31/2013,361
1806,01/02/2014,548
1807,01/03/2014,347
1808,01/04/2014,221
1809,01/05/2014,144
1810,01/06/2014,393
1811,01/07/2014,387
1812,01/08/2014,369
1813,01/09/2014,341
1814,01/10/2014,329
1815,01/11/2014,127
1816,01/12/2014,151
1817,01/13/2014,475
1818,01/14/2014,377
1819,01/15/2014,356
1820,01/16/2014,304
1821,01/17/2014,354
1822,01/18/2014,158
1823,01/19/2014,115
1824,01/20/2014,428
1825,01/21/2014,337
1826,01/22/2014,338
1827,01/23/2014,367
1828,01/24/2014,376
1829,01/25/2014,151
1830,01/26/2014,117
1831,01/27/2014,403
1832,01/28/2014,324
1833,01/29/2014,386
1834,01/30/2014,312
1835,01/31/2014,330
1836,02/01/2014,158
1837,02/02/2014,178
1838,02/03/2014,445
1839,02/04/2014,375
1840,02/05/2014,317
1841,02/06/2014,299
1842,02/07/2014,319
1843,02/08/2014,171
1844,02/09/2014,126
1845,02/10/2014,418
1846,02/11/2014,366
1847,02/12/2014,406
1848,02/13/2014,388
1849,02/14/2014,338
1850,02/15/2014,164
1851,02/16/2014,145
1852,02/17/2014,349
1853,02/18/2014,324
1854,02/19/2014,338
1855,02/20/2014,237
1856,02/21/2014,303
1857,02/22/2014,169
1858,02/23/2014,137
1859,02/24/2014,445
1860,02/25/2014,367
1861,02/26/2014,303
1862,02/27/2014,300
1863,02/28/2014,350
1864,03/01/2014,169
1865,03/02/2014,135
1866,03/03/2014,486
1867,03/04/2014,359
1868,03/05/2014,318
1869,03/06/2014,307
1870,03/07/2014,322
1871,03/08/2014,138
1872,03/09/2014,128
1873,03/10/2014,458
1874,03/11/2014,343
1875,03/12/2014,347
1876,03/13/2014,321
1877,03/14/2014,352
1878,03/15/2014,155
1879,03/16/2014,172
1880,03/17/2014,397
1881,03/18/2014,284
1882,03/19/2014,258
1883,03/20/2014,308
1884,03/21/2014,290
1885,03/22/2014,135
1886,03/23/2014,143
1887,03/24/2014,468
1888,03/25/2014,347
1889,03/26/2014,289
1890,03/27/2014,272
1891,03/28/2014,294
1892,03/29/2014,156
1893,03/30/2014,151
1894,03/31/2014,400
1895,04/01/2014,372
1896,04/02/2014,365
1897,04/03/2014,298
1898,04/04/2014,258
1899,04/05/2014,173
1900,04/06/2014,139
1901,04/07/2014,459
1902,04/08/2014,364
1903,04/09/2014,345
1904,04/10/2014,323
1905,04/11/2014,303
1906,04/12/2014,121
1907,04/13/2014,132
1908,04/14/2014,441
1909,04/15/2014,325
1910,04/16/2014,351
1911,04/17/2014,345
1912,04/18/2014,296
1913,04/19/2014,176
1914,04/21/2014,534
1915,04/22/2014,306
1916,04/23/2014,276
1917,04/24/2014,308
1918,04/25/2014,361
1919,04/26/2014,149
1920,04/27/2014,152
1921,04/28/2014,403
1922,04/29/2014,328
1923,04/30/2014,319
1924,05/01/2014,397
1925,05/02/2014,377
1926,05/03/2014,132
1927,05/04/2014,117
1928,05/05/2014,429
1929,05/06/2014,352
1930,05/07/2014,333
1931,05/08/2014,342
1932,05/09/2014,289
1933,05/10/2014,155
1934,05/11/2014,156
1935,05/12/2014,382
1936,05/13/2014,347
1937,05/14/2014,308
1938,05/15/2014,288
1939,05/16/2014,328
1940,05/17/2014,115
1941,05/18/2014,139
1942,05/19/2014,375
1943,05/20/2014,336
1944,05/21/2014,355
1945,05/22/2014,303
1946,05/23/2014,345
1947,05/24/2014,119
1948,05/25/2014,107
1949,05/26/2014,59
1950,05/27/2014,509
1951,05/28/2014,328
1952,05/29/2014,321
1953,05/30/2014,316
1954,05/31/2014,123
1955,06/01/2014,154
1956,06/02/2014,412
1957,06/03/2014,409
1958,06/04/2014,386
1959,06/05/2014,335
1960,06/06/2014,297
1961,06/07/2014,112
1962,06/08/2014,117
1963,06/09/2014,438
1964,06/10/2014,300
1965,06/11/2014,313
1966,06/12/2014,307
1967,06/13/2014,260
1968,06/14/2014,123
1969,06/15/2014,110
1970,06/16/2014,408
1971,06/17/2014,329
1972,06/18/2014,249
1973,06/19/2014,301
1974,06/20/2014,284
1975,06/21/2014,151
1976,06/22/2014,98
1977,06/23/2014,417
1978,06/24/2014,335
1979,06/25/2014,300
1980,06/26/2014,300
1981,06/27/2014,341
1982,06/28/2014,138
1983,06/29/2014,92
1984,06/30/2014,418
1985,07/01/2014,401
1986,07/02/2014,299
1987,07/03/2014,332
1988,07/04/2014,57
1989,07/05/2014,146
1990,07/06/2014,126
1991,07/07/2014,443
1992,07/08/2014,333
1993,07/09/2014,363
1994,07/10/2014,269
1995,07/11/2014,297
1996,07/12/2014,165
1997,07/13/2014,104
1998,07/14/2014,416
1999,07/15/2014,324
2000,07/16/2014,289
2001,07/17/2014,313
2002,07/18/2014,269
2003,07/19/2014,127
2004,07/20/2014,139
2005,07/21/2014,330
2006,07/22/2014,295
2007,07/23/2014,288
2008,07/24/2014,322
2009,07/25/2014,372
2010,07/26/2014,144
2011,07/27/2014,144
2012,07/28/2014,373
2013,07/29/2014,313
2014,07/30/2014,314
2015,07/31/2014,341
2016,08/01/2014,345
2017,08/02/2014,128
2018,08/03/2014,106
2019,08/04/2014,385
2020,08/05/2014,332
2021,08/06/2014,338
2022,08/07/2014,320
2023,08/08/2014,321
2024,08/09/2014,146
2025,08/10/2014,121
2026,08/11/2014,347
2027,08/12/2014,326
2028,08/13/2014,383
2029,08/14/2014,257
2030,08/15/2014,255
2031,08/16/2014,121
2032,08/17/2014,137
2033,08/18/2014,381
2034,08/19/2014,340
2035,08/20/2014,355
2036,08/21/2014,291
2037,08/22/2014,304
2038,08/23/2014,146
2039,08/24/2014,135
2040,08/25/2014,416
2041,08/26/2014,374
2042,08/27/2014,333
2043,08/28/2014,292
2044,08/29/2014,284
2045,08/30/2014,130
2046,08/31/2014,136
2047,09/01/2014,105
2048,09/02/2014,478
2049,09/03/2014,381
2050,09/04/2014,375
2051,09/05/2014,272
2052,09/06/2014,131
2053,09/07/2014,153
2054,09/08/2014,452
2055,09/09/2014,340
2056,09/10/2014,318
2057,09/11/2014,288
2058,09/12/2014,313
2059,09/13/2014,147
2060,09/14/2014,101
2061,09/15/2014,386
2062,09/16/2014,342
2063,09/17/2014,352
2064,09/18/2014,317
2065,09/19/2014,266
2066,09/20/2014,108
2067,09/21/2014,88
2068,09/22/2014,397
2069,09/23/2014,281
2070,09/24/2014,332
2071,09/25/2014,335
2072,09/26/2014,281
2073,09/27/2014,116
2074,09/28/2014,104
2075,09/29/2014,455
2076,09/30/2014,331
2077,10/01/2014,308
2078,10/02/2014,297
2079,10/03/2014,345
2080,10/04/2014,143
2081,10/05/2014,122
2082,10/06/2014,365
2083,10/07/2014,336
2084,10/08/2014,325
2085,10/09/2014,303
2086,10/10/2014,337
2087,10/11/2014,137
2088,10/12/2014,121
2089,10/13/2014,456
2090,10/14/2014,305
2091,10/15/2014,311
2092,10/16/2014,312
2093,10/17/2014,288
2094,10/18/2014,144
2095,10/19/2014,134
2096,10/20/2014,382
2097,10/21/2014,307
2098,10/22/2014,285
2099,10/23/2014,335
2100,10/24/2014,342
2101,10/25/2014,112
2102,10/26/2014,93
2103,10/27/2014,383
2104,10/28/2014,341
2105,10/29/2014,274
2106,10/30/2014,337
2107,10/31/2014,305
2108,11/01/2014,127
2109,11/02/2014,135
2110,11/03/2014,408
2111,11/04/2014,353
2112,11/05/2014,305
2113,11/06/2014,297
2114,11/07/2014,306
2115,11/08/2014,137
2116,11/09/2014,152
2117,11/10/2014,430
2118,11/11/2014,345
2119,11/12/2014,283
2120,11/13/2014,265
2121,11/14/2014,311
2122,11/15/2014,177
2123,11/16/2014,96
2124,11/17/2014,388
2125,11/18/2014,328
2126,11/19/2014,301
2127,11/20/2014,278
2128,11/21/2014,354
2129,11/22/2014,133
2130,11/23/2014,134
2131,11/24/2014,440
2132,11/25/2014,359
2133,11/26/2014,338
2134,11/28/2014,318
2135,11/29/2014,142
2136,11/30/2014,169
2137,12/01/2014,470
2138,12/02/2014,352
2139,12/03/2014,393
2140,12/04/2014,340
2141,12/05/2014,358
2142,12/06/2014,123
2143,12/07/2014,193
2144,12/08/2014,392
2145,12/09/2014,366
2146,12/10/2014,300
2147,12/11/2014,355
2148,12/12/2014,306
2149,12/13/2014,149
2150,12/14/2014,86
2151,12/15/2014,370
2152,12/16/2014,335
2153,12/17/2014,322
2154,12/18/2014,356
2155,12/19/2014,357
2156,12/20/2014,164
2157,12/21/2014,150
2158,12/22/2014,488
2159,12/23/2014,370
2160,12/24/2014,142
2161,12/26/2014,365
2162,12/27/2014,129
2163,12/28/2014,173
2164,12/29/2014,462
2165,12/30/2014,411
2166,12/31/2014,353
2167,01/02/2015,449
2168,01/03/2015,151
2169,01/04/2015,126
2170,01/05/2015,427
2171,01/06/2015,380
2172,01/07/2015,314
2173,01/08/2015,279
2174,01/09/2015,369
2175,01/10/2015,176
2176,01/11/2015,109
2177,01/12/2015,389
2178,01/13/2015,305
2179,01/14/2015,311
2180,01/15/2015,268
2181,01/16/2015,336
2182,01/17/2015,128
2183,01/18/2015,128
2184,01/19/2015,434
2185,01/20/2015,286
2186,01/21/2015,330
2187,01/22/2015,285
2188,01/23/2015,300
2189,01/24/2015,147
2190,01/25/2015,115
2191,01/26/2015,397
2192,01/27/2015,329
2193,01/28/2015,292
2194,01/29/2015,267
2195,01/30/2015,299
2196,01/31/2015,126
2197,02/01/2015,113
2198,02/02/2015,426
2199,02/03/2015,306
2200,02/04/2015,283
2201,02/05/2015,296
2202,02/06/2015,333
2203,02/07/2015,148
2204,02/08/2015,120
2205,02/09/2015,431
2206,02/10/2015,354
2207,02/11/2015,328
2208,02/12/2015,319
2209,02/13/2015,327
2210,02/14/2015,136
2211,02/15/2015,133
2212,02/16/2015,442
2213,02/17/2015,325
2214,02/18/2015,348
2215,02/19/2015,322
2216,02/20/2015,294
2217,02/21/2015,133
2218,02/22/2015,111
2219,02/23/2015,389
2220,02/24/2015,300
2221,02/25/2015,296
2222,02/26/2015,315
2223,02/27/2015,326
2224,02/28/2015,141
2225,03/01/2015,132
2226,03/02/2015,433
2227,03/03/2015,366
2228,03/04/2015,335
2229,03/05/2015,298
2230,03/06/2015,332
2231,03/07/2015,135
2232,03/08/2015,122
2233,03/09/2015,346
2234,03/10/2015,307
2235,03/11/2015,361
2236,03/12/2015,291
2237,03/13/2015,317
2238,03/14/2015,135
2239,03/15/2015,98
2240,03/16/2015,364
2241,03/17/2015,381
2242,03/18/2015,330
2243,03/19/2015,310
2244,03/20/2015,322
2245,03/21/2015,142
2246,03/22/2015,161
2247,03/23/2015,343
2248,03/24/2015,326
2249,03/25/2015,317
2250,03/26/2015,334
2251,03/27/2015,288
2252,03/28/2015,153
2253,03/29/2015,101
2254,03/30/2015,392
2255,03/31/2015,293
2256,04/01/2015,337
2257,04/02/2015,297
2258,04/03/2015,449
2259,04/04/2015,120
2260,04/05/2015,64
2261,04/06/2015,407
2262,04/07/2015,317
2263,04/08/2015,323
2264,04/09/2015,304
2265,04/10/2015,349
2266,04/11/2015,118
2267,04/12/2015,133
2268,04/13/2015,367
2269,04/14/2015,382
2270,04/15/2015,290
2271,04/16/2015,304
2272,04/17/2015,249
2273,04/18/2015,146
2274,04/19/2015,130
2275,04/20/2015,431
2276,04/21/2015,317
2277,04/22/2015,312
2278,04/23/2015,328
2279,04/24/2015,297
2280,04/25/2015,123
2281,04/26/2015,102
2282,04/27/2015,400
2283,04/28/2015,332
2284,04/29/2015,273
2285,04/30/2015,365
2286,05/01/2015,343
2287,05/02/2015,132
2288,05/03/2015,127
2289,05/04/2015,386
2290,05/05/2015,402
2291,05/06/2015,290
2292,05/07/2015,325
2293,05/08/2015,296
2294,05/09/2015,148
2295,05/10/2015,112
2296,05/11/2015,385
2297,05/12/2015,364
2298,05/13/2015,263
2299,05/14/2015,293
2300,05/15/2015,267
2301,05/16/2015,110
2302,05/17/2015,113
2303,05/18/2015,413
2304,05/19/2015,286
2305,05/20/2015,319
2306,05/21/2015,317
2307,05/22/2015,343
2308,05/23/2015,135
2309,05/24/2015,102
2310,05/25/2015,80
2311,05/26/2015,459
2312,05/27/2015,282
2313,05/28/2015,334
2314,05/29/2015,336
2315,05/30/2015,147
2316,05/31/2015,149
2317,06/01/2015,425
2318,06/02/2015,342
2319,06/03/2015,294
2320,06/04/2015,319
2321,06/05/2015,297
2322,06/06/2015,101
2323,06/07/2015,96
2324,06/08/2015,363
2325,06/09/2015,269
2326,06/10/2015,327
2327,06/11/2015,273
2328,06/12/2015,374
2329,06/13/2015,121
2330,06/14/2015,117
2331,06/15/2015,362
2332,06/16/2015,301
2333,06/17/2015,263
2334,06/18/2015,302
2335,06/19/2015,252
2336,06/20/2015,154
2337,06/21/2015,96
2338,06/22/2015,359
2339,06/23/2015,293
2340,06/24/2015,281
2341,06/25/2015,296
2342,06/26/2015,276
2343,06/27/2015,119
2344,06/28/2015,114
2345,06/29/2015,371
2346,06/30/2015,340
2347,07/01/2015,343
2348,07/02/2015,326
2349,07/03/2015,110
2350,07/04/2015,76
2351,07/05/2015,115
2352,07/06/2015,390
2353,07/07/2015,355
2354,07/08/2015,326
2355,07/09/2015,284
2356,07/10/2015,272
2357,07/11/2015,120
2358,07/12/2015,135
2359,07/13/2015,382
2360,07/14/2015,275
2361,07/15/2015,328
2362,07/16/2015,327
2363,07/17/2015,281
2364,07/18/2015,80
2365,07/19/2015,125
2366,07/20/2015,307
2367,07/21/2015,314
2368,07/22/2015,313
2369,07/23/2015,261
2370,07/24/2015,265
2371,07/25/2015,139
2372,07/26/2015,162
2373,07/27/2015,375
2374,07/28/2015,272
2375,07/29/2015,255
2376,07/30/2015,297
2377,07/31/2015,317
2378,08/01/2015,96
2379,08/02/2015,93
2380,08/03/2015,441
2381,08/04/2015,344
2382,08/05/2015,254
2383,08/06/2015,299
2384,08/07/2015,280
2385,08/08/2015,101
2386,08/09/2015,126
2387,08/10/2015,365
2388,08/11/2015,305
2389,08/12/2015,292
2390,08/13/2015,294
2391,08/14/2015,292
2392,08/15/2015,103
2393,08/16/2015,141
2394,08/17/2015,344
2395,08/18/2015,276
2396,08/19/2015,276
2397,08/20/2015,287
2398,08/21/2015,260
2399,08/22/2015,145
2400,08/23/2015,117
2401,08/24/2015,370
2402,08/25/2015,324
2403,08/26/2015,363
2404,08/27/2015,274
2405,08/28/2015,319
2406,08/29/2015,146
2407,08/30/2015,108
2408,08/31/2015,344
2409,09/01/2015,344
2410,09/02/2015,274
2411,09/03/2015,371
2412,09/04/2015,328
2413,09/05/2015,141
2414,09/06/2015,115
2415,09/07/2015,127
2416,09/08/2015,424
2417,09/09/2015,356
2418,09/10/2015,216
2419,09/11/2015,327
2420,09/12/2015,126
2421,09/13/2015,99
2422,09/14/2015,347
2423,09/15/2015,323
2424,09/16/2015,290
2425,09/17/2015,281
2426,09/18/2015,248
2427,09/19/2015,131
2428,09/20/2015,95
2429,09/21/2015,396
2430,09/22/2015,337
2431,09/23/2015,342
2432,09/24/2015,300
2433,09/25/2015,304
2434,09/26/2015,126
2435,09/27/2015,78
2436,09/28/2015,348
2437,09/29/2015,348
2438,09/30/2015,302
2439,10/01/2015,297
2440,10/02/2015,378
2441,10/03/2015,89
2442,10/04/2015,140
2443,10/05/2015,404
2444,10/06/2015,276
2445,10/07/2015,235
2446,10/08/2015,319
2447,10/09/2015,297
2448,10/10/2015,109
2449,10/11/2015,100
2450,10/12/2015,384
2451,10/13/2015,305
2452,10/14/2015,260
2453,10/15/2015,294
2454,10/16/2015,266
2455,10/17/2015,142
2456,10/18/2015,86
2457,10/19/2015,340
2458,10/20/2015,364
2459,10/21/2015,276
2460,10/22/2015,286
2461,10/23/2015,327
2462,10/24/2015,119
2463,10/25/2015,96
2464,10/26/2015,382
2465,10/27/2015,263
2466,10/28/2015,292
2467,10/29/2015,303
2468,10/30/2015,340
2469,10/31/2015,141
2470,11/01/2015,123
2471,11/02/2015,425
2472,11/03/2015,354
2473,11/04/2015,245
2474,11/05/2015,301
2475,11/06/2015,276
2476,11/07/2015,124
2477,11/08/2015,123
2478,11/09/2015,368
2479,11/10/2015,240
2480,11/11/2015,295
2481,11/12/2015,283
2482,11/13/2015,323
2483,11/14/2015,139
2484,11/15/2015,134
2485,11/16/2015,369
2486,11/17/2015,321
2487,11/18/2015,315
2488,11/19/2015,278
2489,11/20/2015,308
2490,11/21/2015,177
2491,11/22/2015,143
2492,11/23/2015,416
2493,11/24/2015,378
2494,11/25/2015,255
2495,11/27/2015,276
2496,11/28/2015,128
2497,11/29/2015,138
2498,11/30/2015,455
2499,12/01/2015,381
2500,12/02/2015,278
2501,12/03/2015,324
2502,12/04/2015,253
2503,12/05/2015,143
2504,12/06/2015,116
2505,12/07/2015,428
2506,12/08/2015,321
2507,12/09/2015,366
2508,12/10/2015,328
2509,12/11/2015,285
2510,12/12/2015,154
2511,12/13/2015,114
2512,12/14/2015,310
2513,12/15/2015,286
2514,12/16/2015,317
2515,12/17/2015,304
2516,12/18/2015,356
2517,12/19/2015,151
2518,12/20/2015,126
2519,12/21/2015,495
2520,12/22/2015,331
2521,12/23/2015,326
2522,12/24/2015,151
2523,12/26/2015,206
2524,12/27/2015,124
2525,12/28/2015,428
2526,12/29/2015,318
2527,12/30/2015,407
2528,12/31/2015,285
2529,01/01/2016,99
2530,01/02/2016,168
2531,01/03/2016,157
2532,01/04/2016,441
2533,01/05/2016,320
2534,01/06/2016,308
2535,01/07/2016,331
2536,01/08/2016,258
2537,01/09/2016,143
2538,01/10/2016,119
2539,01/11/2016,325
2540,01/12/2016,270
2541,01/13/2016,288
2542,01/14/2016,264
2543,01/15/2016,348
2544,01/16/2016,123
2545,01/17/2016,69
2546,01/18/2016,332
2547,01/19/2016,306
2548,01/20/2016,320
2549,01/21/2016,238
2550,01/22/2016,326
2551,01/23/2016,117
2552,01/24/2016,111
2553,01/25/2016,320
2554,01/26/2016,300
2555,01/27/2016,309
2556,01/28/2016,269
2557,01/29/2016,280
2558,01/30/2016,155
2559,01/31/2016,117
2560,02/01/2016,368
2561,02/02/2016,260
2562,02/03/2016,259
2563,02/04/2016,291
2564,02/05/2016,311
2565,02/06/2016,130
2566,02/07/2016,135
2567,02/08/2016,384
2568,02/09/2016,265
2569,02/10/2016,295
2570,02/11/2016,301
2571,02/12/2016,283
2572,02/13/2016,123
2573,02/14/2016,136
2574,02/15/2016,390
2575,02/16/2016,332
2576,02/17/2016,297
2577,02/18/2016,316
2578,02/19/2016,316
2579,02/20/2016,151
2580,02/21/2016,98
2581,02/22/2016,349
2582,02/23/2016,316
2583,02/24/2016,302
2584,02/25/2016,258
2585,02/26/2016,322
2586,02/27/2016,104
2587,02/28/2016,111
2588,02/29/2016,398
2589,03/01/2016,301
2590,03/02/2016,302
2591,03/03/2016,286
2592,03/04/2016,298
2593,03/05/2016,136
2594,03/06/2016,103
2595,03/07/2016,380
2596,03/08/2016,329
2597,03/09/2016,282
2598,03/10/2016,289
2599,03/11/2016,313
2600,03/12/2016,138
2601,03/13/2016,123
2602,03/14/2016,414
2603,03/15/2016,303
2604,03/16/2016,287
2605,03/17/2016,323
2606,03/18/2016,287
2607,03/19/2016,129
2608,03/20/2016,102
2609,03/21/2016,330
2610,03/22/2016,270
2611,03/23/2016,260
2612,03/24/2016,228
2613,03/25/2016,254
2614,03/26/2016,126
2615,03/27/2016,71
2616,03/28/2016,371
2617,03/29/2016,288
2618,03/30/2016,256
2619,03/31/2016,312
2620,04/01/2016,331
2621,04/02/2016,144
2622,04/03/2016,137
2623,04/04/2016,388
2624,04/05/2016,316
2625,04/06/2016,295
2626,04/07/2016,256
2627,04/08/2016,318
2628,04/09/2016,129
2629,04/10/2016,99
2630,04/11/2016,318
2631,04/12/2016,297
2632,04/13/2016,265
2633,04/14/2016,320
2634,04/15/2016,259
2635,04/16/2016,112
2636,04/17/2016,108
2637,04/18/2016,388
2638,04/19/2016,285
2639,04/20/2016,300
2640,04/21/2016,290
2641,04/22/2016,333
2642,04/23/2016,112
2643,04/24/2016,132
2644,04/25/2016,349
2645,04/26/2016,271
2646,04/27/2016,251
2647,04/28/2016,240
2648,04/29/2016,310
2649,04/30/2016,140
2650,05/01/2016,120
2651,05/02/2016,376
2652,05/03/2016,317
2653,05/04/2016,295
2654,05/05/2016,276
2655,05/06/2016,251
2656,05/07/2016,137
2657,05/08/2016,92
2658,05/09/2016,398
2659,05/10/2016,258
2660,05/11/2016,275
2661,05/12/2016,276
2662,05/13/2016,272
2663,05/14/2016,93
2664,05/15/2016,113
2665,05/16/2016,385
2666,05/17/2016,339
2667,05/18/2016,292
2668,05/19/2016,224
2669,05/20/2016,276
2670,05/21/2016,89
2671,05/22/2016,114
2672,05/23/2016,392
2673,05/24/2016,324
2674,05/25/2016,314
2675,05/26/2016,255
2676,05/27/2016,236
2677,05/28/2016,134
2678,05/29/2016,101
2679,05/30/2016,76
2680,05/31/2016,435
2681,06/01/2016,315
2682,06/02/2016,332
2683,06/03/2016,299
2684,06/04/2016,153
2685,06/05/2016,95
2686,06/06/2016,322
2687,06/07/2016,305
2688,06/08/2016,314
2689,06/09/2016,270
2690,06/10/2016,255
2691,06/11/2016,123
2692,06/12/2016,116
2693,06/13/2016,327
2694,06/14/2016,295
2695,06/15/2016,254
2696,06/16/2016,275
2697,06/17/2016,197
2698,06/18/2016,131
2699,06/19/2016,77
2700,06/20/2016,337
2701,06/21/2016,289
2702,06/22/2016,285
2703,06/23/2016,296
2704,06/24/2016,267
2705,06/25/2016,122
2706,06/26/2016,87
2707,06/27/2016,380
2708,06/28/2016,310
2709,06/29/2016,259
2710,06/30/2016,372
2711,07/01/2016,281
2712,07/02/2016,120
2713,07/03/2016,90
2714,07/04/2016,53
2715,07/05/2016,443
2716,07/06/2016,283
2717,07/07/2016,309
2718,07/08/2016,276
2719,07/09/2016,111
2720,07/10/2016,93
2721,07/11/2016,368
2722,07/12/2016,269
2723,07/13/2016,282
2724,07/14/2016,266
2725,07/15/2016,235
2726,07/16/2016,130
2727,07/17/2016,71
2728,07/18/2016,328
2729,07/19/2016,308
2730,07/20/2016,234
2731,07/21/2016,251
2732,07/22/2016,284
2733,07/23/2016,107
2734,07/24/2016,114
2735,07/25/2016,290
2736,07/26/2016,272
2737,07/27/2016,237
2738,07/28/2016,288
2739,07/29/2016,230
2740,07/30/2016,122
2741,07/31/2016,90
2742,08/01/2016,330
2743,08/02/2016,301
2744,08/03/2016,301
2745,08/04/2016,271
2746,08/05/2016,259
2747,08/06/2016,151
2748,08/07/2016,98
2749,08/08/2016,350
2750,08/09/2016,274
2751,08/10/2016,259
2752,08/11/2016,286
2753,08/12/2016,273
2754,08/13/2016,69
2755,08/14/2016,110
2756,08/15/2016,342
2757,08/16/2016,315
2758,08/17/2016,268
2759,08/18/2016,229
2760,08/19/2016,223
2761,08/20/2016,120
2762,08/21/2016,57
2763,08/22/2016,409
2764,08/23/2016,287
2765,08/24/2016,274
2766,08/25/2016,187
2767,08/26/2016,227
2768,08/27/2016,111
2769,08/28/2016,125
2770,08/29/2016,406
2771,08/30/2016,286
2772,08/31/2016,300
2773,09/01/2016,292
2774,09/02/2016,284
2775,09/03/2016,101
2776,09/04/2016,87
2777,09/05/2016,99
2778,09/06/2016,416
2779,09/07/2016,345
2780,09/08/2016,246
2781,09/09/2016,300
2782,09/10/2016,104
2783,09/11/2016,101
2784,09/12/2016,362
2785,09/13/2016,246
2786,09/14/2016,334
2787,09/15/2016,245
2788,09/16/2016,267
2789,09/17/2016,115
2790,09/18/2016,109
2791,09/19/2016,317
2792,09/20/2016,248
2793,09/21/2016,249
2794,09/22/2016,318
2795,09/23/2016,243
2796,09/24/2016,102
2797,09/25/2016,85
2798,09/26/2016,340
2799,09/27/2016,298
2800,09/28/2016,325
2801,09/29/2016,274
2802,09/30/2016,260
2803,10/01/2016,121
2804,10/02/2016,127
2805,10/03/2016,398
2806,10/04/2016,293
2807,10/05/2016,297
2808,10/06/2016,350
2809,10/07/2016,266
2810,10/08/2016,90
2811,10/09/2016,84
2812,10/10/2016,334
2813,10/11/2016,297
2814,10/12/2016,284
2815,10/13/2016,258
2816,10/14/2016,254
2817,10/15/2016,116
2818,10/16/2016,99
2819,10/17/2016,336
2820,10/18/2016,270
2821,10/19/2016,297
2822,10/20/2016,298
2823,10/21/2016,275
2824,10/22/2016,83
2825,10/23/2016,110
2826,10/24/2016,352
2827,10/25/2016,307
2828,10/26/2016,290
2829,10/27/2016,261
2830,10/28/2016,252
2831,10/29/2016,137
2832,10/30/2016,129
2833,10/31/2016,327
2834,11/01/2016,304
2835,11/02/2016,293
2836,11/03/2016,327
2837,11/04/2016,239
2838,11/05/2016,119
2839,11/06/2016,137
2840,11/07/2016,404
2841,11/08/2016,284
2842,11/09/2016,283
2843,11/10/2016,289
2844,11/11/2016,281
2845,11/12/2016,137
2846,11/13/2016,142
2847,11/14/2016,331
2848,11/15/2016,298
2849,11/16/2016,273
2850,11/17/2016,222
2851,11/18/2016,252
2852,11/19/2016,140
2853,11/20/2016,116
2854,11/21/2016,352
2855,11/22/2016,313
2856,11/23/2016,238
2857,11/25/2016,263
2858,11/26/2016,113
2859,11/27/2016,124
2860,11/28/2016,425
2861,11/29/2016,325
2862,11/30/2016,341
2863,12/01/2016,282
2864,12/02/2016,253
2865,12/03/2016,143
2866,12/04/2016,104
2867,12/05/2016,406
2868,12/06/2016,280
2869,12/07/2016,269
2870,12/08/2016,255
2871,12/09/2016,322
2872,12/10/2016,120
2873,12/11/2016,109
2874,12/12/2016,344
2875,12/13/2016,289
2876,12/14/2016,331
2877,12/15/2016,273
2878,12/16/2016,281
2879,12/17/2016,125
2880,12/18/2016,124
2881,12/19/2016,435
2882,12/20/2016,323
2883,12/21/2016,305
2884,12/22/2016,362
2885,12/23/2016,291
2886,12/24/2016,62
2887,12/26/2016,154
2888,12/27/2016,455
2889,12/28/2016,346
2890,12/29/2016,343
2891,12/30/2016,355
2892,12/31/2016,138
2893,01/01/2017,74
2894,01/02/2017,177
2895,01/03/2017,375
2896,01/04/2017,280
2897,01/05/2017,242
2898,01/06/2017,255
2899,01/07/2017,149
2900,01/08/2017,86
2901,01/09/2017,407
2902,01/10/2017,225
2903,01/11/2017,247
2904,01/12/2017,311
2905,01/13/2017,279
2906,01/14/2017,162
2907,01/15/2017,141
2908,01/16/2017,289
2909,01/17/2017,214
2910,01/18/2017,303
2911,01/19/2017,284
2912,01/20/2017,238
2913,01/21/2017,140
2914,01/22/2017,97
2915,01/23/2017,312
2916,01/24/2017,266
2917,01/25/2017,231
2918,01/26/2017,256
2919,01/27/2017,337
2920,01/28/2017,133
2921,01/29/2017,111
2922,01/30/2017,335
2923,01/31/2017,280
2924,02/01/2017,302
2925,02/02/2017,299
2926,02/03/2017,269
2927,02/04/2017,131
2928,02/05/2017,112
2929,02/06/2017,296
2930,02/07/2017,284
2931,02/08/2017,273
2932,02/09/2017,269
2933,02/10/2017,245
2934,02/11/2017,157
2935,02/12/2017,115
2936,02/13/2017,334
2937,02/14/2017,267
2938,02/15/2017,267
2939,02/16/2017,258
2940,02/17/2017,318
2941,02/18/2017,127
2942,02/19/2017,119
2943,02/20/2017,352
2944,02/21/2017,267
2945,02/22/2017,294
2946,02/23/2017,282
2947,02/24/2017,228
2948,02/25/2017,115
2949,02/26/2017,143
2950,02/27/2017,415
2951,02/28/2017,268
2952,03/01/2017,275
2953,03/02/2017,302
2954,03/03/2017,249
2955,03/04/2017,158
2956,03/05/2017,141
2957,03/06/2017,347
2958,03/07/2017,302
2959,03/08/2017,259
2960,03/09/2017,239
2961,03/10/2017,289
2962,03/11/2017,121
2963,03/12/2017,107
2964,03/13/2017,347
2965,03/14/2017,260
2966,03/15/2017,281
2967,03/16/2017,235
2968,03/17/2017,320
2969,03/18/2017,127
2970,03/19/2017,141
2971,03/20/2017,307
2972,03/21/2017,237
2973,03/22/2017,296
2974,03/23/2017,210
2975,03/24/2017,261
2976,03/25/2017,98
2977,03/26/2017,104
2978,03/27/2017,342
2979,03/28/2017,298
2980,03/29/2017,251
2981,03/30/2017,245
2982,03/31/2017,266
2983,04/01/2017,123
2984,04/02/2017,118
2985,04/03/2017,287
2986,04/04/2017,284
2987,04/05/2017,250
2988,04/06/2017,239
2989,04/07/2017,284
2990,04/08/2017,106
2991,04/09/2017,139
2992,04/10/2017,375
2993,04/11/2017,274
2994,04/12/2017,251
2995,04/13/2017,274
2996,04/14/2017,271
2997,04/15/2017,118
2998,04/16/2017,68
2999,04/17/2017,317
3000,04/18/2017,296
3001,04/19/2017,290
3002,04/20/2017,288
3003,04/21/2017,299
3004,04/22/2017,131
3005,04/23/2017,81
3006,04/24/2017,381
3007,04/25/2017,284
3008,04/26/2017,239
3009,04/27/2017,230
3010,04/28/2017,240
3011,04/29/2017,121
3012,04/30/2017,98
3013,05/01/2017,380
3014,05/02/2017,253
3015,05/03/2017,294
3016,05/04/2017,235
3017,05/05/2017,226
3018,05/06/2017,101
3019,05/07/2017,105
3020,05/08/2017,355
3021,05/09/2017,288
3022,05/10/2017,259
3023,05/11/2017,300
3024,05/12/2017,265
3025,05/13/2017,134
3026,05/14/2017,119
3027,05/15/2017,328
3028,05/16/2017,243
3029,05/17/2017,299
3030,05/18/2017,312
3031,05/19/2017,305
3032,05/20/2017,127
3033,05/21/2017,97
3034,05/22/2017,357
3035,05/23/2017,281
3036,05/24/2017,300
3037,05/25/2017,273
3038,05/26/2017,248
3039,05/27/2017,98
3040,05/28/2017,72
3041,05/29/2017,97
3042,05/30/2017,383
3043,05/31/2017,342
3044,06/01/2017,293
3045,06/02/2017,266
3046,06/03/2017,112
3047,06/04/2017,124
3048,06/05/2017,286
3049,06/06/2017,276
3050,06/07/2017,277
3051,06/08/2017,248
3052,06/09/2017,272
3053,06/10/2017,122
3054,06/11/2017,111
3055,06/12/2017,321
3056,06/13/2017,256
3057,06/14/2017,261
3058,06/15/2017,251
3059,06/16/2017,235
3060,06/17/2017,118
3061,06/18/2017,91
3062,06/19/2017,350
3063,06/20/2017,277
3064,06/21/2017,229
3065,06/22/2017,266
3066,06/23/2017,298
3067,06/24/2017,96
3068,06/25/2017,130
3069,06/26/2017,327
3070,06/27/2017,271
3071,06/28/2017,267
3072,06/29/2017,282
3073,06/30/2017,309
3074,07/01/2017,129
3075,07/02/2017,107
3076,07/03/2017,297
3077,07/04/2017,41
3078,07/05/2017,314
3079,07/06/2017,260
3080,07/07/2017,172
3081,07/08/2017,36
3082,07/09/2017,93
3083,07/10/2017,218
3084,07/11/2017,198
3085,07/12/2017,216
3086,07/13/2017,295
3087,07/14/2017,255
3088,07/15/2017,96
3089,07/16/2017,112
3090,07/17/2017,245
3091,07/18/2017,239
3092,07/19/2017,216
3093,07/20/2017,259
3094,07/21/2017,266
3095,07/22/2017,145
3096,07/23/2017,96
3097,07/24/2017,243
3098,07/25/2017,236
3099,07/26/2017,196
3100,07/27/2017,255
3101,07/28/2017,261
3102,07/29/2017,111
3103,07/30/2017,85
3104,07/31/2017,308
3105,08/01/2017,242
3106,08/02/2017,275
3107,08/03/2017,245
3108,08/04/2017,205
3109,08/05/2017,164
3110,08/06/2017,59
3111,08/07/2017,270
3112,08/08/2017,247
3113,08/09/2017,231
3114,08/10/2017,268
3115,08/11/2017,274
3116,08/12/2017,97
3117,08/13/2017,86
3118,08/14/2017,211
3119,08/15/2017,262
3120,08/16/2017,334
3121,08/17/2017,246
3122,08/18/2017,284
3123,08/19/2017,127
3124,08/20/2017,103
3125,08/21/2017,296
3126,08/22/2017,242
3127,08/23/2017,245
3128,08/24/2017,206
3129,08/25/2017,288
3130,08/26/2017,90
3131,08/27/2017,105
3132,08/28/2017,290
3133,08/29/2017,289
3134,08/30/2017,285
3135,08/31/2017,254
3136,09/01/2017,332
3137,09/02/2017,134
3138,09/03/2017,83
3139,09/04/2017,38
3140,09/05/2017,265
3141,09/06/2017,265
3142,09/07/2017,291
3143,09/08/2017,313
3144,09/09/2017,124
3145,09/10/2017,109
3146,09/11/2017,286
3147,09/12/2017,275
3148,09/13/2017,264
3149,09/14/2017,270
3150,09/15/2017,295
3151,09/16/2017,114
3152,09/17/2017,98
3153,09/18/2017,262
3154,09/19/2017,326
3155,09/20/2017,243
3156,09/21/2017,268
3157,09/22/2017,271
3158,09/23/2017,146
3159,09/24/2017,112
3160,09/25/2017,285
3161,09/26/2017,286
3162,09/27/2017,234
3163,09/28/2017,246
3164,09/29/2017,297
3165,09/30/2017,144
3166,10/01/2017,94
3167,10/02/2017,301
3168,10/03/2017,334
3169,10/04/2017,294
3170,10/05/2017,244
3171,10/06/2017,327
3172,10/07/2017,121
3173,10/08/2017,109
3174,10/09/2017,250
3175,10/10/2017,231
3176,10/11/2017,293
3177,10/12/2017,248
3178,10/13/2017,276
3179,10/14/2017,94
3180,10/15/2017,118
3181,10/16/2017,263
3182,10/17/2017,321
3183,10/18/2017,248
3184,10/19/2017,245
3185,10/20/2017,304
3186,10/21/2017,128
3187,10/22/2017,90
3188,10/23/2017,271
3189,10/24/2017,260
3190,10/25/2017,255
3191,10/26/2017,284
3192,10/27/2017,257
3193,10/28/2017,137
3194,10/29/2017,90
3195,10/30/2017,253
3196,10/31/2017,263
3197,11/01/2017,270
3198,11/02/2017,262
3199,11/03/2017,310
3200,11/04/2017,131
3201,11/05/2017,138
3202,11/06/2017,262
3203,11/07/2017,262
3204,11/08/2017,227
3205,11/09/2017,249
3206,11/10/2017,262
3207,11/11/2017,124
3208,11/12/2017,75
3209,11/13/2017,319
3210,11/14/2017,271
3211,11/15/2017,282
3212,11/16/2017,260
3213,11/17/2017,282
3214,11/18/2017,116
3215,11/19/2017,96
3216,11/20/2017,322
3217,11/21/2017,320
3218,11/22/2017,346
3219,11/24/2017,282
3220,11/25/2017,151
3221,11/26/2017,124
3222,11/27/2017,294
3223,11/28/2017,331
3224,11/29/2017,307
3225,11/30/2017,246
3226,12/01/2017,373
3227,12/02/2017,153
3228,12/03/2017,137
3229,12/04/2017,278
3230,12/05/2017,271
3231,12/06/2017,285
3232,12/07/2017,316
3233,12/08/2017,288
3234,12/09/2017,191
3235,12/10/2017,103
3236,12/11/2017,231
3237,12/12/2017,354
3238,12/13/2017,268
3239,12/14/2017,292
3240,12/15/2017,297
3241,12/16/2017,135
3242,12/17/2017,119
3243,12/18/2017,305
3244,12/19/2017,364
3245,12/20/2017,303
3246,12/21/2017,300
3247,12/22/2017,379
3248,12/23/2017,168
3249,12/24/2017,71
3250,12/26/2017,266
3251,12/27/2017,306
3252,12/28/2017,321
3253,12/29/2017,377
3254,12/30/2017,244
3255,12/31/2017,140
3256,01/01/2018,66
3257,01/02/2018,332
3258,01/03/2018,304
3259,01/04/2018,377
3260,01/05/2018,332
3261,01/06/2018,144
3262,01/07/2018,105
3263,01/08/2018,255
3264,01/09/2018,301
3265,01/10/2018,291
3266,01/11/2018,188
3267,01/12/2018,293
3268,01/13/2018,170
3269,01/14/2018,96
3270,01/15/2018,222
3271,01/16/2018,327
3272,01/17/2018,294
3273,01/18/2018,324
3274,01/19/2018,348
3275,01/20/2018,149
3276,01/21/2018,137
3277,01/22/2018,121
3278,01/23/2018,239
3279,01/24/2018,293
3280,01/25/2018,266
3281,01/26/2018,312
3282,01/27/2018,198
3283,01/28/2018,121
3284,01/29/2018,276
3285,01/30/2018,301
3286,01/31/2018,241
3287,02/01/2018,298
3288,02/02/2018,331
3289,02/03/2018,146
3290,02/04/2018,104
3291,02/05/2018,329
3292,02/06/2018,254
3293,02/07/2018,251
3294,02/08/2018,281
3295,02/09/2018,274
3296,02/10/2018,108
3297,02/11/2018,104
3298,02/12/2018,284
3299,02/13/2018,269
3300,02/14/2018,235
3301,02/15/2018,252
3302,02/16/2018,334
3303,02/17/2018,137
3304,02/18/2018,141
3305,02/19/2018,242
3306,02/20/2018,254
3307,02/21/2018,290
3308,02/22/2018,297
3309,02/23/2018,243
3310,02/24/2018,141
3311,02/25/2018,86
3312,02/26/2018,285
3313,02/27/2018,285
3314,02/28/2018,317
3315,03/01/2018,262
3316,03/02/2018,281
3317,03/03/2018,149
3318,03/04/2018,125
3319,03/05/2018,292
3320,03/06/2018,282
3321,03/07/2018,309
3322,03/08/2018,290
3323,03/09/2018,272
3324,03/10/2018,125
3325,03/11/2018,100
3326,03/12/2018,253
3327,03/13/2018,312
3328,03/14/2018,295
3329,03/15/2018,279
3330,03/16/2018,271
3331,03/17/2018,190
3332,03/18/2018,99
3333,03/19/2018,345
3334,03/20/2018,301
3335,03/21/2018,238
3336,03/22/2018,279
3337,03/23/2018,215
3338,03/24/2018,179
3339,03/25/2018,107
3340,03/26/2018,257
3341,03/27/2018,282
3342,03/28/2018,257
3343,03/29/2018,245
3344,03/30/2018,338
3345,03/31/2018,149
3346,04/01/2018,47
3347,04/02/2018,293
3348,04/03/2018,215
3349,04/04/2018,251
3350,04/05/2018,328
3351,04/06/2018,319
3352,04/07/2018,115
3353,04/08/2018,121
3354,04/09/2018,315
3355,04/10/2018,276
3356,04/11/2018,267
3357,04/12/2018,264
3358,04/13/2018,356
3359,04/14/2018,115
3360,04/15/2018,42
3361,04/16/2018,283
3362,04/17/2018,323
3363,04/18/2018,268
3364,04/19/2018,296
3365,04/20/2018,266
3366,04/21/2018,154
3367,04/22/2018,98
3368,04/23/2018,248
3369,04/24/2018,277
3370,04/25/2018,317
3371,04/26/2018,240
3372,04/27/2018,287
3373,04/28/2018,131
3374,04/29/2018,120
3375,04/30/2018,282
3376,05/01/2018,307
3377,05/02/2018,278
3378,05/03/2018,264
3379,05/04/2018,291
3380,05/05/2018,108
3381,05/06/2018,94
3382,05/07/2018,270
3383,05/08/2018,252
3384,05/09/2018,297
3385,05/10/2018,243
3386,05/11/2018,262
3387,05/12/2018,147
3388,05/13/2018,75
3389,05/14/2018,283
3390,05/15/2018,234
3391,05/16/2018,245
3392,05/17/2018,270
3393,05/18/2018,274
3394,05/19/2018,164
3395,05/20/2018,90
3396,05/21/2018,290
3397,05/22/2018,266
3398,05/23/2018,243
3399,05/24/2018,293
3400,05/25/2018,240
3401,05/26/2018,150
3402,05/27/2018,114
3403,05/28/2018,41
3404,05/29/2018,275
3405,05/30/2018,357
3406,05/31/2018,279
